Date,Close,Index
2018-02-05,10179.0,NIFTY100 LOW VOLATILITY 30
2018-02-06,8076.0,NIFTY100 LOW VOLATILITY 30
2018-02-07,8053.0,NIFTY100 LOW VOLATILITY 30
2018-02-08,8142.0,NIFTY100 LOW VOLATILITY 30
2018-02-09,8085.0,NIFTY100 LOW VOLATILITY 30
2018-02-12,8148.0,NIFTY100 LOW VOLATILITY 30
2018-02-14,8130.0,NIFTY100 LOW VOLATILITY 30
2018-02-15,8134.0,NIFTY100 LOW VOLATILITY 30
2018-02-16,8099.0,NIFTY100 LOW VOLATILITY 30
2018-02-19,8035.0,NIFTY100 LOW VOLATILITY 30
2018-02-20,8034.0,NIFTY100 LOW VOLATILITY 30
2018-02-21,8051.0,NIFTY100 LOW VOLATILITY 30
2018-02-22,8013.0,NIFTY100 LOW VOLATILITY 30
2018-02-23,8074.0,NIFTY100 LOW VOLATILITY 30
2018-02-26,8116.0,NIFTY100 LOW VOLATILITY 30
2018-02-27,8104.0,NIFTY100 LOW VOLATILITY 30
2018-02-28,8081.0,NIFTY100 LOW VOLATILITY 30
2018-03-01,8084.0,NIFTY100 LOW VOLATILITY 30
2018-03-05,8032.0,NIFTY100 LOW VOLATILITY 30
2018-03-06,7969.0,NIFTY100 LOW VOLATILITY 30
2018-03-07,7936.0,NIFTY100 LOW VOLATILITY 30
2018-03-08,7964.0,NIFTY100 LOW VOLATILITY 30
2018-03-09,7968.0,NIFTY100 LOW VOLATILITY 30
2018-03-12,8079.0,NIFTY100 LOW VOLATILITY 30
2018-03-13,8060.0,NIFTY100 LOW VOLATILITY 30
2018-03-14,8066.0,NIFTY100 LOW VOLATILITY 30
2018-03-15,8055.0,NIFTY100 LOW VOLATILITY 30
2018-03-16,7950.0,NIFTY100 LOW VOLATILITY 30
2018-03-19,7880.0,NIFTY100 LOW VOLATILITY 30
2018-03-20,7895.0,NIFTY100 LOW VOLATILITY 30
2018-03-21,7918.0,NIFTY100 LOW VOLATILITY 30
2018-03-22,7882.0,NIFTY100 LOW VOLATILITY 30
2018-03-23,7858.0,NIFTY100 LOW VOLATILITY 30
2018-03-26,7902.0,NIFTY100 LOW VOLATILITY 30
2018-03-27,7935.0,NIFTY100 LOW VOLATILITY 30
2018-03-28,7937.0,NIFTY100 LOW VOLATILITY 30
2018-04-03,8112.0,NIFTY100 LOW VOLATILITY 30
2018-04-04,8037.0,NIFTY100 LOW VOLATILITY 30
2018-04-05,8135.0,NIFTY100 LOW VOLATILITY 30
2018-04-06,8134.0,NIFTY100 LOW VOLATILITY 30
2018-04-09,8172.0,NIFTY100 LOW VOLATILITY 30
2018-04-10,8146.0,NIFTY100 LOW VOLATILITY 30
2018-04-11,8186.0,NIFTY100 LOW VOLATILITY 30
2018-04-12,8232.0,NIFTY100 LOW VOLATILITY 30
2018-04-13,8250.0,NIFTY100 LOW VOLATILITY 30
2018-04-16,8327.0,NIFTY100 LOW VOLATILITY 30
2018-04-17,8346.0,NIFTY100 LOW VOLATILITY 30
2018-04-18,8349.0,NIFTY100 LOW VOLATILITY 30
2018-04-19,8388.0,NIFTY100 LOW VOLATILITY 30
2018-04-20,8449.0,NIFTY100 LOW VOLATILITY 30
2018-04-23,8491.0,NIFTY100 LOW VOLATILITY 30
2018-04-24,8472.0,NIFTY100 LOW VOLATILITY 30
2018-04-25,8477.0,NIFTY100 LOW VOLATILITY 30
2018-04-26,8508.0,NIFTY100 LOW VOLATILITY 30
2018-04-27,8495.0,NIFTY100 LOW VOLATILITY 30
2018-04-30,8565.0,NIFTY100 LOW VOLATILITY 30
2018-05-02,8523.0,NIFTY100 LOW VOLATILITY 30
2018-05-03,8472.0,NIFTY100 LOW VOLATILITY 30
2018-05-04,8413.0,NIFTY100 LOW VOLATILITY 30
2018-05-07,8469.0,NIFTY100 LOW VOLATILITY 30
2018-05-08,8448.0,NIFTY100 LOW VOLATILITY 30
2018-05-09,8448.0,NIFTY100 LOW VOLATILITY 30
2018-05-10,8417.0,NIFTY100 LOW VOLATILITY 30
2018-05-11,8466.0,NIFTY100 LOW VOLATILITY 30
2018-05-14,8479.0,NIFTY100 LOW VOLATILITY 30
2018-05-15,8479.0,NIFTY100 LOW VOLATILITY 30
2018-05-16,8475.0,NIFTY100 LOW VOLATILITY 30
2018-05-17,8438.0,NIFTY100 LOW VOLATILITY 30
2018-05-18,8405.0,NIFTY100 LOW VOLATILITY 30
2018-05-21,8342.0,NIFTY100 LOW VOLATILITY 30
2018-05-22,8360.0,NIFTY100 LOW VOLATILITY 30
2018-05-23,8302.0,NIFTY100 LOW VOLATILITY 30
2018-05-24,8335.0,NIFTY100 LOW VOLATILITY 30
2018-05-25,8401.0,NIFTY100 LOW VOLATILITY 30
2018-05-28,8420.0,NIFTY100 LOW VOLATILITY 30
2018-05-29,8412.0,NIFTY100 LOW VOLATILITY 30
2018-05-30,8418.0,NIFTY100 LOW VOLATILITY 30
2018-05-31,8509.0,NIFTY100 LOW VOLATILITY 30
2018-06-01,8460.0,NIFTY100 LOW VOLATILITY 30
2018-06-04,8409.0,NIFTY100 LOW VOLATILITY 30
2018-06-05,8361.0,NIFTY100 LOW VOLATILITY 30
2018-06-06,8429.0,NIFTY100 LOW VOLATILITY 30
2018-06-07,8482.0,NIFTY100 LOW VOLATILITY 30
2018-06-08,8462.0,NIFTY100 LOW VOLATILITY 30
2018-06-11,8473.0,NIFTY100 LOW VOLATILITY 30
2018-06-12,8513.0,NIFTY100 LOW VOLATILITY 30
2018-06-13,8540.0,NIFTY100 LOW VOLATILITY 30
2018-06-14,8518.0,NIFTY100 LOW VOLATILITY 30
2018-06-15,8532.0,NIFTY100 LOW VOLATILITY 30
2018-06-18,8497.0,NIFTY100 LOW VOLATILITY 30
2018-06-19,8413.0,NIFTY100 LOW VOLATILITY 30
2018-06-20,8439.0,NIFTY100 LOW VOLATILITY 30
2018-06-21,8386.0,NIFTY100 LOW VOLATILITY 30
2018-06-22,8436.0,NIFTY100 LOW VOLATILITY 30
2018-06-25,8415.0,NIFTY100 LOW VOLATILITY 30
2018-06-26,8448.0,NIFTY100 LOW VOLATILITY 30
2018-06-27,8403.0,NIFTY100 LOW VOLATILITY 30
2018-06-28,8338.0,NIFTY100 LOW VOLATILITY 30
2018-06-29,8434.0,NIFTY100 LOW VOLATILITY 30
2018-07-02,8384.0,NIFTY100 LOW VOLATILITY 30
2018-07-03,8423.0,NIFTY100 LOW VOLATILITY 30
2018-07-04,8470.0,NIFTY100 LOW VOLATILITY 30
2018-07-05,8505.0,NIFTY100 LOW VOLATILITY 30
2018-07-06,8503.0,NIFTY100 LOW VOLATILITY 30
2018-07-09,8572.0,NIFTY100 LOW VOLATILITY 30
2018-07-10,8636.0,NIFTY100 LOW VOLATILITY 30
2018-07-11,8633.0,NIFTY100 LOW VOLATILITY 30
2018-07-12,8652.0,NIFTY100 LOW VOLATILITY 30
2018-07-13,8657.0,NIFTY100 LOW VOLATILITY 30
2018-07-16,8612.0,NIFTY100 LOW VOLATILITY 30
2018-07-17,8629.0,NIFTY100 LOW VOLATILITY 30
2018-07-18,8603.0,NIFTY100 LOW VOLATILITY 30
2018-07-19,8573.0,NIFTY100 LOW VOLATILITY 30
2018-07-20,8562.0,NIFTY100 LOW VOLATILITY 30
2018-07-23,8589.0,NIFTY100 LOW VOLATILITY 30
2018-07-24,8652.0,NIFTY100 LOW VOLATILITY 30
2018-07-25,8629.0,NIFTY100 LOW VOLATILITY 30
2018-07-26,8631.0,NIFTY100 LOW VOLATILITY 30
2018-07-27,8688.0,NIFTY100 LOW VOLATILITY 30
2018-07-30,8700.0,NIFTY100 LOW VOLATILITY 30
2018-07-31,8786.0,NIFTY100 LOW VOLATILITY 30
2018-08-01,8792.0,NIFTY100 LOW VOLATILITY 30
2018-08-02,8740.0,NIFTY100 LOW VOLATILITY 30
2018-08-03,8794.0,NIFTY100 LOW VOLATILITY 30
2018-08-06,8777.0,NIFTY100 LOW VOLATILITY 30
2018-08-07,8797.0,NIFTY100 LOW VOLATILITY 30
2018-08-08,8820.0,NIFTY100 LOW VOLATILITY 30
2018-08-09,8824.0,NIFTY100 LOW VOLATILITY 30
2018-08-10,8820.0,NIFTY100 LOW VOLATILITY 30
2018-08-13,8808.0,NIFTY100 LOW VOLATILITY 30
2018-08-14,8867.0,NIFTY100 LOW VOLATILITY 30
2018-08-16,8831.0,NIFTY100 LOW VOLATILITY 30
2018-08-17,8890.0,NIFTY100 LOW VOLATILITY 30
2018-08-20,8935.0,NIFTY100 LOW VOLATILITY 30
2018-08-21,8976.0,NIFTY100 LOW VOLATILITY 30
2018-08-23,9030.0,NIFTY100 LOW VOLATILITY 30
2018-08-24,8996.0,NIFTY100 LOW VOLATILITY 30
2018-08-27,9079.0,NIFTY100 LOW VOLATILITY 30
2018-08-28,9107.0,NIFTY100 LOW VOLATILITY 30
2018-08-29,9066.0,NIFTY100 LOW VOLATILITY 30
2018-08-30,9089.0,NIFTY100 LOW VOLATILITY 30
2018-08-31,9149.0,NIFTY100 LOW VOLATILITY 30
2018-09-03,9056.0,NIFTY100 LOW VOLATILITY 30
2018-09-04,8942.0,NIFTY100 LOW VOLATILITY 30
2018-09-05,8919.0,NIFTY100 LOW VOLATILITY 30
2018-09-06,8983.0,NIFTY100 LOW VOLATILITY 30
2018-09-07,9063.0,NIFTY100 LOW VOLATILITY 30
2018-09-10,8928.0,NIFTY100 LOW VOLATILITY 30
2018-09-11,8825.0,NIFTY100 LOW VOLATILITY 30
2018-09-12,8897.0,NIFTY100 LOW VOLATILITY 30
2018-09-14,9008.0,NIFTY100 LOW VOLATILITY 30
2018-09-17,8940.0,NIFTY100 LOW VOLATILITY 30
2018-09-18,8887.0,NIFTY100 LOW VOLATILITY 30
2018-09-19,8851.0,NIFTY100 LOW VOLATILITY 30
2018-09-21,8790.0,NIFTY100 LOW VOLATILITY 30
2018-09-24,8654.0,NIFTY100 LOW VOLATILITY 30
2018-09-25,8741.0,NIFTY100 LOW VOLATILITY 30
2018-09-26,8672.0,NIFTY100 LOW VOLATILITY 30
2018-09-27,8652.0,NIFTY100 LOW VOLATILITY 30
2018-09-28,8592.0,NIFTY100 LOW VOLATILITY 30
2018-10-01,8663.0,NIFTY100 LOW VOLATILITY 30
2018-10-03,8527.0,NIFTY100 LOW VOLATILITY 30
2018-10-04,8364.0,NIFTY100 LOW VOLATILITY 30
2018-10-05,8241.0,NIFTY100 LOW VOLATILITY 30
2018-10-08,8230.0,NIFTY100 LOW VOLATILITY 30
2018-10-09,8186.0,NIFTY100 LOW VOLATILITY 30
2018-10-10,8265.0,NIFTY100 LOW VOLATILITY 30
2018-10-11,8124.0,NIFTY100 LOW VOLATILITY 30
2018-10-12,8309.0,NIFTY100 LOW VOLATILITY 30
2018-10-15,8309.0,NIFTY100 LOW VOLATILITY 30
2018-10-16,8362.0,NIFTY100 LOW VOLATILITY 30
2018-10-17,8298.0,NIFTY100 LOW VOLATILITY 30
2018-10-19,8196.0,NIFTY100 LOW VOLATILITY 30
2018-10-22,8142.0,NIFTY100 LOW VOLATILITY 30
2018-10-23,8046.0,NIFTY100 LOW VOLATILITY 30
2018-10-24,8083.0,NIFTY100 LOW VOLATILITY 30
2018-10-25,8060.0,NIFTY100 LOW VOLATILITY 30
2018-10-26,7992.0,NIFTY100 LOW VOLATILITY 30
2018-10-29,8073.0,NIFTY100 LOW VOLATILITY 30
2018-10-30,8038.0,NIFTY100 LOW VOLATILITY 30
2018-10-31,8163.0,NIFTY100 LOW VOLATILITY 30
2018-11-01,8118.0,NIFTY100 LOW VOLATILITY 30
2018-11-02,8216.0,NIFTY100 LOW VOLATILITY 30
2018-11-05,8193.0,NIFTY100 LOW VOLATILITY 30
2018-11-06,8174.0,NIFTY100 LOW VOLATILITY 30
2018-11-07,8236.0,NIFTY100 LOW VOLATILITY 30
2018-11-09,8286.0,NIFTY100 LOW VOLATILITY 30
2018-11-12,8213.0,NIFTY100 LOW VOLATILITY 30
2018-11-13,8278.0,NIFTY100 LOW VOLATILITY 30
2018-11-14,8284.0,NIFTY100 LOW VOLATILITY 30
2018-11-15,8308.0,NIFTY100 LOW VOLATILITY 30
2018-11-16,8371.0,NIFTY100 LOW VOLATILITY 30
2018-11-19,8429.0,NIFTY100 LOW VOLATILITY 30
2018-11-20,8341.0,NIFTY100 LOW VOLATILITY 30
2018-11-21,8298.0,NIFTY100 LOW VOLATILITY 30
2018-11-22,8246.0,NIFTY100 LOW VOLATILITY 30
2018-11-26,8357.0,NIFTY100 LOW VOLATILITY 30
2018-11-27,8384.0,NIFTY100 LOW VOLATILITY 30
2018-11-28,8412.0,NIFTY100 LOW VOLATILITY 30
2018-11-29,8487.0,NIFTY100 LOW VOLATILITY 30
2018-11-30,8528.0,NIFTY100 LOW VOLATILITY 30
2018-12-03,8574.0,NIFTY100 LOW VOLATILITY 30
2018-12-04,8567.0,NIFTY100 LOW VOLATILITY 30
2018-12-05,8515.0,NIFTY100 LOW VOLATILITY 30
2018-12-06,8364.0,NIFTY100 LOW VOLATILITY 30
2018-12-07,8438.0,NIFTY100 LOW VOLATILITY 30
2018-12-10,8292.0,NIFTY100 LOW VOLATILITY 30
2018-12-11,8369.0,NIFTY100 LOW VOLATILITY 30
2018-12-12,8539.0,NIFTY100 LOW VOLATILITY 30
2018-12-13,8609.0,NIFTY100 LOW VOLATILITY 30
2018-12-14,8625.0,NIFTY100 LOW VOLATILITY 30
2018-12-17,8673.0,NIFTY100 LOW VOLATILITY 30
2018-12-18,8690.0,NIFTY100 LOW VOLATILITY 30
2018-12-19,8753.0,NIFTY100 LOW VOLATILITY 30
2018-12-20,8733.0,NIFTY100 LOW VOLATILITY 30
2018-12-21,8597.0,NIFTY100 LOW VOLATILITY 30
2018-12-24,8499.0,NIFTY100 LOW VOLATILITY 30
2018-12-26,8512.0,NIFTY100 LOW VOLATILITY 30
2018-12-27,8557.0,NIFTY100 LOW VOLATILITY 30
2018-12-28,8587.0,NIFTY100 LOW VOLATILITY 30
2018-12-31,8605.0,NIFTY100 LOW VOLATILITY 30
2019-01-01,8593.0,NIFTY100 LOW VOLATILITY 30
2019-01-02,8508.0,NIFTY100 LOW VOLATILITY 30
2019-01-03,8437.0,NIFTY100 LOW VOLATILITY 30
2019-01-04,8450.0,NIFTY100 LOW VOLATILITY 30
2019-01-07,8484.0,NIFTY100 LOW VOLATILITY 30
2019-01-08,8468.0,NIFTY100 LOW VOLATILITY 30
2019-01-09,8490.0,NIFTY100 LOW VOLATILITY 30
2019-01-10,8480.0,NIFTY100 LOW VOLATILITY 30
2019-01-11,8461.0,NIFTY100 LOW VOLATILITY 30
2019-01-14,8416.0,NIFTY100 LOW VOLATILITY 30
2019-01-15,8525.0,NIFTY100 LOW VOLATILITY 30
2019-01-16,8519.0,NIFTY100 LOW VOLATILITY 30
2019-01-17,8530.0,NIFTY100 LOW VOLATILITY 30
2019-01-18,8535.0,NIFTY100 LOW VOLATILITY 30
2019-01-21,8540.0,NIFTY100 LOW VOLATILITY 30
2019-01-22,8527.0,NIFTY100 LOW VOLATILITY 30
2019-01-23,8473.0,NIFTY100 LOW VOLATILITY 30
2019-01-24,8472.0,NIFTY100 LOW VOLATILITY 30
2019-01-25,8384.0,NIFTY100 LOW VOLATILITY 30
2019-01-28,8321.0,NIFTY100 LOW VOLATILITY 30
2019-01-29,8328.0,NIFTY100 LOW VOLATILITY 30
2019-01-30,8331.0,NIFTY100 LOW VOLATILITY 30
2019-01-31,8457.0,NIFTY100 LOW VOLATILITY 30
2019-02-01,8573.0,NIFTY100 LOW VOLATILITY 30
2019-02-04,8549.0,NIFTY100 LOW VOLATILITY 30
2019-02-05,8553.0,NIFTY100 LOW VOLATILITY 30
2019-02-06,8652.0,NIFTY100 LOW VOLATILITY 30
2019-02-07,8687.0,NIFTY100 LOW VOLATILITY 30
2019-02-08,8587.0,NIFTY100 LOW VOLATILITY 30
2019-02-11,8561.0,NIFTY100 LOW VOLATILITY 30
2019-02-12,8527.0,NIFTY100 LOW VOLATILITY 30
2019-02-13,8486.0,NIFTY100 LOW VOLATILITY 30
2019-02-14,8422.0,NIFTY100 LOW VOLATILITY 30
2019-02-15,8412.0,NIFTY100 LOW VOLATILITY 30
2019-02-18,8341.0,NIFTY100 LOW VOLATILITY 30
2019-02-19,8275.0,NIFTY100 LOW VOLATILITY 30
2019-02-20,8365.0,NIFTY100 LOW VOLATILITY 30
2019-02-21,8388.0,NIFTY100 LOW VOLATILITY 30
2019-02-22,8404.0,NIFTY100 LOW VOLATILITY 30
2019-02-25,8481.0,NIFTY100 LOW VOLATILITY 30
2019-02-26,8480.0,NIFTY100 LOW VOLATILITY 30
2019-02-27,8477.0,NIFTY100 LOW VOLATILITY 30
2019-02-28,8463.0,NIFTY100 LOW VOLATILITY 30
2019-03-01,8515.0,NIFTY100 LOW VOLATILITY 30
2019-03-05,8576.0,NIFTY100 LOW VOLATILITY 30
2019-03-06,8600.0,NIFTY100 LOW VOLATILITY 30
2019-03-07,8567.0,NIFTY100 LOW VOLATILITY 30
2019-03-08,8563.0,NIFTY100 LOW VOLATILITY 30
2019-03-11,8665.0,NIFTY100 LOW VOLATILITY 30
2019-03-12,8716.0,NIFTY100 LOW VOLATILITY 30
2019-03-13,8705.0,NIFTY100 LOW VOLATILITY 30
2019-03-14,8695.0,NIFTY100 LOW VOLATILITY 30
2019-03-15,8734.0,NIFTY100 LOW VOLATILITY 30
2019-03-18,8748.0,NIFTY100 LOW VOLATILITY 30
2019-03-19,8784.0,NIFTY100 LOW VOLATILITY 30
2019-03-20,8751.0,NIFTY100 LOW VOLATILITY 30
2019-03-22,8726.0,NIFTY100 LOW VOLATILITY 30
2019-03-25,8673.0,NIFTY100 LOW VOLATILITY 30
2019-03-26,8751.0,NIFTY100 LOW VOLATILITY 30
2019-03-27,8714.0,NIFTY100 LOW VOLATILITY 30
2019-03-28,8751.0,NIFTY100 LOW VOLATILITY 30
2019-03-29,8789.0,NIFTY100 LOW VOLATILITY 30
2019-04-01,8803.0,NIFTY100 LOW VOLATILITY 30
2019-04-02,8823.0,NIFTY100 LOW VOLATILITY 30
2019-04-03,8814.0,NIFTY100 LOW VOLATILITY 30
2019-04-04,8806.0,NIFTY100 LOW VOLATILITY 30
2019-04-05,8830.0,NIFTY100 LOW VOLATILITY 30
2019-04-08,8820.0,NIFTY100 LOW VOLATILITY 30
2019-04-09,8864.0,NIFTY100 LOW VOLATILITY 30
2019-04-10,8828.0,NIFTY100 LOW VOLATILITY 30
2019-04-11,8840.0,NIFTY100 LOW VOLATILITY 30
2019-04-12,8888.0,NIFTY100 LOW VOLATILITY 30
2019-04-15,8965.0,NIFTY100 LOW VOLATILITY 30
2019-04-16,9012.0,NIFTY100 LOW VOLATILITY 30
2019-04-18,8972.0,NIFTY100 LOW VOLATILITY 30
2019-04-22,8901.0,NIFTY100 LOW VOLATILITY 30
2019-04-23,8858.0,NIFTY100 LOW VOLATILITY 30
2019-04-24,8925.0,NIFTY100 LOW VOLATILITY 30
2019-04-25,8895.0,NIFTY100 LOW VOLATILITY 30
2019-04-26,8938.0,NIFTY100 LOW VOLATILITY 30
2019-04-30,8921.0,NIFTY100 LOW VOLATILITY 30
2019-05-02,8872.0,NIFTY100 LOW VOLATILITY 30
2019-05-03,8838.0,NIFTY100 LOW VOLATILITY 30
2019-05-06,8773.0,NIFTY100 LOW VOLATILITY 30
2019-05-07,8741.0,NIFTY100 LOW VOLATILITY 30
2019-05-08,8651.0,NIFTY100 LOW VOLATILITY 30
2019-05-09,8617.0,NIFTY100 LOW VOLATILITY 30
2019-05-10,8569.0,NIFTY100 LOW VOLATILITY 30
2019-05-13,8502.0,NIFTY100 LOW VOLATILITY 30
2019-05-14,8499.0,NIFTY100 LOW VOLATILITY 30
2019-05-15,8452.0,NIFTY100 LOW VOLATILITY 30
2019-05-16,8489.0,NIFTY100 LOW VOLATILITY 30
2019-05-17,8598.0,NIFTY100 LOW VOLATILITY 30
2019-05-20,8849.0,NIFTY100 LOW VOLATILITY 30
2019-05-21,8750.0,NIFTY100 LOW VOLATILITY 30
2019-05-22,8757.0,NIFTY100 LOW VOLATILITY 30
2019-05-23,8748.0,NIFTY100 LOW VOLATILITY 30
2019-05-24,8851.0,NIFTY100 LOW VOLATILITY 30
2019-05-27,8894.0,NIFTY100 LOW VOLATILITY 30
2019-05-28,8921.0,NIFTY100 LOW VOLATILITY 30
2019-05-29,8891.0,NIFTY100 LOW VOLATILITY 30
2019-05-30,8924.0,NIFTY100 LOW VOLATILITY 30
2019-05-31,8930.0,NIFTY100 LOW VOLATILITY 30
2019-06-03,9077.0,NIFTY100 LOW VOLATILITY 30
2019-06-04,9000.0,NIFTY100 LOW VOLATILITY 30
2019-06-06,8929.0,NIFTY100 LOW VOLATILITY 30
2019-06-07,8915.0,NIFTY100 LOW VOLATILITY 30
2019-06-10,8964.0,NIFTY100 LOW VOLATILITY 30
2019-06-11,8985.0,NIFTY100 LOW VOLATILITY 30
2019-06-12,8941.0,NIFTY100 LOW VOLATILITY 30
2019-06-13,8921.0,NIFTY100 LOW VOLATILITY 30
2019-06-14,8834.0,NIFTY100 LOW VOLATILITY 30
2019-06-17,8749.0,NIFTY100 LOW VOLATILITY 30
2019-06-18,8760.0,NIFTY100 LOW VOLATILITY 30
2019-06-19,8736.0,NIFTY100 LOW VOLATILITY 30
2019-06-20,8815.0,NIFTY100 LOW VOLATILITY 30
2019-06-21,8739.0,NIFTY100 LOW VOLATILITY 30
2019-06-24,8726.0,NIFTY100 LOW VOLATILITY 30
2019-06-25,8774.0,NIFTY100 LOW VOLATILITY 30
2019-06-26,8792.0,NIFTY100 LOW VOLATILITY 30
2019-06-27,8777.0,NIFTY100 LOW VOLATILITY 30
2019-06-28,8743.0,NIFTY100 LOW VOLATILITY 30
2019-07-01,8776.0,NIFTY100 LOW VOLATILITY 30
2019-07-02,8817.0,NIFTY100 LOW VOLATILITY 30
2019-07-03,8824.0,NIFTY100 LOW VOLATILITY 30
2019-07-04,8856.0,NIFTY100 LOW VOLATILITY 30
2019-07-05,8736.0,NIFTY100 LOW VOLATILITY 30
2019-07-08,8565.0,NIFTY100 LOW VOLATILITY 30
2019-07-09,8555.0,NIFTY100 LOW VOLATILITY 30
2019-07-10,8530.0,NIFTY100 LOW VOLATILITY 30
2019-07-11,8606.0,NIFTY100 LOW VOLATILITY 30
2019-07-12,8596.0,NIFTY100 LOW VOLATILITY 30
2019-07-15,8630.0,NIFTY100 LOW VOLATILITY 30
2019-07-16,8671.0,NIFTY100 LOW VOLATILITY 30
2019-07-17,8703.0,NIFTY100 LOW VOLATILITY 30
2019-07-18,8639.0,NIFTY100 LOW VOLATILITY 30
2019-07-19,8501.0,NIFTY100 LOW VOLATILITY 30
2019-07-22,8477.0,NIFTY100 LOW VOLATILITY 30
2019-07-23,8495.0,NIFTY100 LOW VOLATILITY 30
2019-07-24,8451.0,NIFTY100 LOW VOLATILITY 30
2019-07-25,8468.0,NIFTY100 LOW VOLATILITY 30
2019-07-26,8503.0,NIFTY100 LOW VOLATILITY 30
2019-07-29,8415.0,NIFTY100 LOW VOLATILITY 30
2019-07-30,8348.0,NIFTY100 LOW VOLATILITY 30
2019-07-31,8420.0,NIFTY100 LOW VOLATILITY 30
2019-08-01,8359.0,NIFTY100 LOW VOLATILITY 30
2020-01-29,9076.0,NIFTY100 LOW VOLATILITY 30
2020-01-30,8986.0,NIFTY100 LOW VOLATILITY 30
2020-01-31,8897.0,NIFTY100 LOW VOLATILITY 30
2020-02-01,8725.0,NIFTY100 LOW VOLATILITY 30
2020-02-03,8838.0,NIFTY100 LOW VOLATILITY 30
2020-02-04,8969.0,NIFTY100 LOW VOLATILITY 30
2020-02-05,8974.0,NIFTY100 LOW VOLATILITY 30
2020-02-06,8976.0,NIFTY100 LOW VOLATILITY 30
2020-02-07,8993.0,NIFTY100 LOW VOLATILITY 30
2020-02-10,8906.0,NIFTY100 LOW VOLATILITY 30
2020-02-11,8939.0,NIFTY100 LOW VOLATILITY 30
2020-02-12,9014.0,NIFTY100 LOW VOLATILITY 30
2020-02-13,8997.0,NIFTY100 LOW VOLATILITY 30
2020-02-14,8940.0,NIFTY100 LOW VOLATILITY 30
2020-02-17,8881.0,NIFTY100 LOW VOLATILITY 30
2020-02-18,8868.0,NIFTY100 LOW VOLATILITY 30
2020-02-19,8960.0,NIFTY100 LOW VOLATILITY 30
2020-02-20,8898.0,NIFTY100 LOW VOLATILITY 30
2020-02-24,8756.0,NIFTY100 LOW VOLATILITY 30
2020-02-25,8735.0,NIFTY100 LOW VOLATILITY 30
2020-02-26,8657.0,NIFTY100 LOW VOLATILITY 30
2020-02-27,8634.0,NIFTY100 LOW VOLATILITY 30
2020-02-28,8328.0,NIFTY100 LOW VOLATILITY 30
2020-03-02,8303.0,NIFTY100 LOW VOLATILITY 30
2020-03-03,8463.0,NIFTY100 LOW VOLATILITY 30
2020-03-04,8518.0,NIFTY100 LOW VOLATILITY 30
2020-03-05,8550.0,NIFTY100 LOW VOLATILITY 30
2020-03-06,8413.0,NIFTY100 LOW VOLATILITY 30
2020-03-09,8088.0,NIFTY100 LOW VOLATILITY 30
2020-03-11,8121.0,NIFTY100 LOW VOLATILITY 30
2020-03-12,7550.0,NIFTY100 LOW VOLATILITY 30
2020-03-13,7637.0,NIFTY100 LOW VOLATILITY 30
2020-03-16,7176.0,NIFTY100 LOW VOLATILITY 30
2020-03-17,7137.0,NIFTY100 LOW VOLATILITY 30
2020-03-18,6785.0,NIFTY100 LOW VOLATILITY 30
2020-03-19,6623.0,NIFTY100 LOW VOLATILITY 30
2020-03-20,7051.0,NIFTY100 LOW VOLATILITY 30
2020-03-23,6320.0,NIFTY100 LOW VOLATILITY 30
2020-03-24,6449.0,NIFTY100 LOW VOLATILITY 30
2020-03-25,6690.0,NIFTY100 LOW VOLATILITY 30
2020-03-26,6928.0,NIFTY100 LOW VOLATILITY 30
2020-03-27,6928.0,NIFTY100 LOW VOLATILITY 30
2020-03-30,6809.0,NIFTY100 LOW VOLATILITY 30
2020-03-31,7082.0,NIFTY100 LOW VOLATILITY 30
2020-04-01,6823.0,NIFTY100 LOW VOLATILITY 30
2020-04-03,6732.0,NIFTY100 LOW VOLATILITY 30
2020-04-07,7272.0,NIFTY100 LOW VOLATILITY 30
2020-04-08,7293.0,NIFTY100 LOW VOLATILITY 30
2020-04-09,7549.0,NIFTY100 LOW VOLATILITY 30
2020-04-13,7496.0,NIFTY100 LOW VOLATILITY 30
2020-04-15,7603.0,NIFTY100 LOW VOLATILITY 30
2020-04-16,7619.0,NIFTY100 LOW VOLATILITY 30
2020-04-17,7674.0,NIFTY100 LOW VOLATILITY 30
2020-04-20,7646.0,NIFTY100 LOW VOLATILITY 30
2020-04-21,7519.0,NIFTY100 LOW VOLATILITY 30
2020-04-22,7703.0,NIFTY100 LOW VOLATILITY 30
2020-04-23,7725.0,NIFTY100 LOW VOLATILITY 30
2020-04-24,7659.0,NIFTY100 LOW VOLATILITY 30
2020-04-27,7756.0,NIFTY100 LOW VOLATILITY 30
2020-04-28,7711.0,NIFTY100 LOW VOLATILITY 30
2020-04-29,7751.0,NIFTY100 LOW VOLATILITY 30
2020-04-30,7975.0,NIFTY100 LOW VOLATILITY 30
2020-05-04,7624.0,NIFTY100 LOW VOLATILITY 30
2020-05-05,7553.0,NIFTY100 LOW VOLATILITY 30
2020-05-06,7588.0,NIFTY100 LOW VOLATILITY 30
2020-05-07,7475.0,NIFTY100 LOW VOLATILITY 30
2020-05-08,7528.0,NIFTY100 LOW VOLATILITY 30
2020-05-11,7565.0,NIFTY100 LOW VOLATILITY 30
2020-05-12,7548.0,NIFTY100 LOW VOLATILITY 30
2020-05-13,7643.0,NIFTY100 LOW VOLATILITY 30
2020-05-14,7552.0,NIFTY100 LOW VOLATILITY 30
2020-05-15,7538.0,NIFTY100 LOW VOLATILITY 30
2020-05-18,7367.0,NIFTY100 LOW VOLATILITY 30
2020-05-19,7410.0,NIFTY100 LOW VOLATILITY 30
2020-05-20,7528.0,NIFTY100 LOW VOLATILITY 30
2020-05-21,7597.0,NIFTY100 LOW VOLATILITY 30
2020-05-22,7623.0,NIFTY100 LOW VOLATILITY 30
2020-05-26,7642.0,NIFTY100 LOW VOLATILITY 30
2020-05-27,7748.0,NIFTY100 LOW VOLATILITY 30
2020-05-28,7882.0,NIFTY100 LOW VOLATILITY 30
2020-05-29,8048.0,NIFTY100 LOW VOLATILITY 30
2020-06-01,8154.0,NIFTY100 LOW VOLATILITY 30
2020-06-02,8186.0,NIFTY100 LOW VOLATILITY 30
2020-06-03,8233.0,NIFTY100 LOW VOLATILITY 30
2020-06-04,8241.0,NIFTY100 LOW VOLATILITY 30
2020-06-05,8273.0,NIFTY100 LOW VOLATILITY 30
2020-06-08,8262.0,NIFTY100 LOW VOLATILITY 30
2020-06-09,8215.0,NIFTY100 LOW VOLATILITY 30
2020-06-10,8205.0,NIFTY100 LOW VOLATILITY 30
2020-06-11,8097.0,NIFTY100 LOW VOLATILITY 30
2020-06-12,8129.0,NIFTY100 LOW VOLATILITY 30
2020-06-15,8044.0,NIFTY100 LOW VOLATILITY 30
2020-06-16,8054.0,NIFTY100 LOW VOLATILITY 30
2020-06-17,8023.0,NIFTY100 LOW VOLATILITY 30
2020-06-18,8103.0,NIFTY100 LOW VOLATILITY 30
2020-06-19,8151.0,NIFTY100 LOW VOLATILITY 30
2020-06-22,8230.0,NIFTY100 LOW VOLATILITY 30
2020-06-23,8384.0,NIFTY100 LOW VOLATILITY 30
2020-06-24,8299.0,NIFTY100 LOW VOLATILITY 30
2020-06-25,8298.0,NIFTY100 LOW VOLATILITY 30
2020-06-26,8356.0,NIFTY100 LOW VOLATILITY 30
2020-06-29,8308.0,NIFTY100 LOW VOLATILITY 30
2020-06-30,8341.0,NIFTY100 LOW VOLATILITY 30
2020-07-01,8319.0,NIFTY100 LOW VOLATILITY 30
2020-07-02,8438.0,NIFTY100 LOW VOLATILITY 30
2020-07-03,8477.0,NIFTY100 LOW VOLATILITY 30
2020-07-06,8544.0,NIFTY100 LOW VOLATILITY 30
2020-07-07,8566.0,NIFTY100 LOW VOLATILITY 30
2020-07-08,8502.0,NIFTY100 LOW VOLATILITY 30
2020-07-09,8525.0,NIFTY100 LOW VOLATILITY 30
2020-07-10,8514.0,NIFTY100 LOW VOLATILITY 30
2020-07-13,8595.0,NIFTY100 LOW VOLATILITY 30
2020-07-14,8471.0,NIFTY100 LOW VOLATILITY 30
2020-07-21,8864.0,NIFTY100 LOW VOLATILITY 30
2020-07-22,8813.0,NIFTY100 LOW VOLATILITY 30
2020-07-23,8855.0,NIFTY100 LOW VOLATILITY 30
2020-07-24,8843.0,NIFTY100 LOW VOLATILITY 30
2020-07-27,8839.0,NIFTY100 LOW VOLATILITY 30
2020-07-28,8992.0,NIFTY100 LOW VOLATILITY 30
2020-07-29,8993.0,NIFTY100 LOW VOLATILITY 30
2020-07-30,8965.0,NIFTY100 LOW VOLATILITY 30
2020-07-31,8981.0,NIFTY100 LOW VOLATILITY 30
2020-08-03,8885.0,NIFTY100 LOW VOLATILITY 30
2020-08-04,8935.0,NIFTY100 LOW VOLATILITY 30
2020-08-05,8922.0,NIFTY100 LOW VOLATILITY 30
2020-08-06,8986.0,NIFTY100 LOW VOLATILITY 30
2020-08-07,9013.0,NIFTY100 LOW VOLATILITY 30
2020-08-10,9094.0,NIFTY100 LOW VOLATILITY 30
2020-08-11,9083.0,NIFTY100 LOW VOLATILITY 30
2020-08-12,9089.0,NIFTY100 LOW VOLATILITY 30
2020-08-13,9096.0,NIFTY100 LOW VOLATILITY 30
2020-08-14,9027.0,NIFTY100 LOW VOLATILITY 30
2020-08-17,9157.0,NIFTY100 LOW VOLATILITY 30
2020-08-18,9216.0,NIFTY100 LOW VOLATILITY 30
2020-08-19,9194.0,NIFTY100 LOW VOLATILITY 30
2020-08-20,9184.0,NIFTY100 LOW VOLATILITY 30
2020-08-21,9266.0,NIFTY100 LOW VOLATILITY 30
2020-08-24,9262.0,NIFTY100 LOW VOLATILITY 30
2020-08-25,9235.0,NIFTY100 LOW VOLATILITY 30
2020-08-26,9268.0,NIFTY100 LOW VOLATILITY 30
2020-08-27,9262.0,NIFTY100 LOW VOLATILITY 30
2020-08-28,9222.0,NIFTY100 LOW VOLATILITY 30
2020-08-31,8989.0,NIFTY100 LOW VOLATILITY 30
2020-09-01,9059.0,NIFTY100 LOW VOLATILITY 30
2020-09-02,9104.0,NIFTY100 LOW VOLATILITY 30
2020-09-03,9148.0,NIFTY100 LOW VOLATILITY 30
2020-09-04,9004.0,NIFTY100 LOW VOLATILITY 30
2020-09-07,9028.0,NIFTY100 LOW VOLATILITY 30
2020-09-08,8995.0,NIFTY100 LOW VOLATILITY 30
2020-09-09,9005.0,NIFTY100 LOW VOLATILITY 30
2020-09-10,9083.0,NIFTY100 LOW VOLATILITY 30
2020-09-11,9118.0,NIFTY100 LOW VOLATILITY 30
2020-09-14,9186.0,NIFTY100 LOW VOLATILITY 30
2020-09-15,9224.0,NIFTY100 LOW VOLATILITY 30
2020-09-16,9301.0,NIFTY100 LOW VOLATILITY 30
2020-09-17,9265.0,NIFTY100 LOW VOLATILITY 30
2020-09-18,9358.0,NIFTY100 LOW VOLATILITY 30
2020-09-21,9162.0,NIFTY100 LOW VOLATILITY 30
2020-09-22,9107.0,NIFTY100 LOW VOLATILITY 30
2020-09-23,9084.0,NIFTY100 LOW VOLATILITY 30
2020-09-24,8868.0,NIFTY100 LOW VOLATILITY 30
2020-09-25,9076.0,NIFTY100 LOW VOLATILITY 30
2020-09-28,9210.0,NIFTY100 LOW VOLATILITY 30
2020-09-29,9163.0,NIFTY100 LOW VOLATILITY 30
2020-09-30,9235.0,NIFTY100 LOW VOLATILITY 30
2020-01-01,8946.0,NIFTY100 LOW VOLATILITY 30
2020-01-02,8978.0,NIFTY100 LOW VOLATILITY 30
2020-01-03,8940.0,NIFTY100 LOW VOLATILITY 30
2020-01-06,8824.0,NIFTY100 LOW VOLATILITY 30
2020-01-07,8871.0,NIFTY100 LOW VOLATILITY 30
2020-01-08,8848.0,NIFTY100 LOW VOLATILITY 30
2020-01-09,8925.0,NIFTY100 LOW VOLATILITY 30
2020-01-10,8983.0,NIFTY100 LOW VOLATILITY 30
2020-01-13,9068.0,NIFTY100 LOW VOLATILITY 30
2020-01-14,9137.0,NIFTY100 LOW VOLATILITY 30
2020-01-15,9148.0,NIFTY100 LOW VOLATILITY 30
2020-01-16,9153.0,NIFTY100 LOW VOLATILITY 30
2020-01-17,9165.0,NIFTY100 LOW VOLATILITY 30
2020-01-20,9094.0,NIFTY100 LOW VOLATILITY 30
2020-01-21,9028.0,NIFTY100 LOW VOLATILITY 30
2020-01-22,8984.0,NIFTY100 LOW VOLATILITY 30
2020-01-23,9033.0,NIFTY100 LOW VOLATILITY 30
2020-01-24,9104.0,NIFTY100 LOW VOLATILITY 30
2020-01-27,9046.0,NIFTY100 LOW VOLATILITY 30
2020-01-28,9000.0,NIFTY100 LOW VOLATILITY 30
2021-01-08,11259.0,NIFTY100 LOW VOLATILITY 30
2021-01-11,11402.0,NIFTY100 LOW VOLATILITY 30
2021-01-12,11407.0,NIFTY100 LOW VOLATILITY 30
2021-01-13,11405.0,NIFTY100 LOW VOLATILITY 30
2021-01-14,11428.0,NIFTY100 LOW VOLATILITY 30
2021-01-15,11233.0,NIFTY100 LOW VOLATILITY 30
2021-01-18,11086.0,NIFTY100 LOW VOLATILITY 30
2021-01-19,11227.0,NIFTY100 LOW VOLATILITY 30
2021-01-20,11297.0,NIFTY100 LOW VOLATILITY 30
2021-01-21,11236.0,NIFTY100 LOW VOLATILITY 30
2021-01-22,11193.0,NIFTY100 LOW VOLATILITY 30
2021-01-25,11115.0,NIFTY100 LOW VOLATILITY 30
2021-01-27,11019.0,NIFTY100 LOW VOLATILITY 30
2021-01-28,10927.0,NIFTY100 LOW VOLATILITY 30
2021-01-29,10721.0,NIFTY100 LOW VOLATILITY 30
2021-02-01,10984.0,NIFTY100 LOW VOLATILITY 30
2021-02-02,11209.0,NIFTY100 LOW VOLATILITY 30
2021-02-03,11312.0,NIFTY100 LOW VOLATILITY 30
2021-02-04,11376.0,NIFTY100 LOW VOLATILITY 30
2021-02-05,11364.0,NIFTY100 LOW VOLATILITY 30
2021-02-08,11467.0,NIFTY100 LOW VOLATILITY 30
2021-02-09,11462.0,NIFTY100 LOW VOLATILITY 30
2021-02-10,11453.0,NIFTY100 LOW VOLATILITY 30
2021-02-11,11495.0,NIFTY100 LOW VOLATILITY 30
2021-02-12,11405.0,NIFTY100 LOW VOLATILITY 30
2021-02-15,11389.0,NIFTY100 LOW VOLATILITY 30
2021-02-16,11434.0,NIFTY100 LOW VOLATILITY 30
2021-02-17,11390.0,NIFTY100 LOW VOLATILITY 30
2021-02-18,11408.0,NIFTY100 LOW VOLATILITY 30
2021-02-19,11314.0,NIFTY100 LOW VOLATILITY 30
2021-02-22,11078.0,NIFTY100 LOW VOLATILITY 30
2021-02-23,11081.0,NIFTY100 LOW VOLATILITY 30
2021-02-24,11194.0,NIFTY100 LOW VOLATILITY 30
2021-02-25,11295.0,NIFTY100 LOW VOLATILITY 30
2021-02-26,10967.0,NIFTY100 LOW VOLATILITY 30
2021-03-01,11168.0,NIFTY100 LOW VOLATILITY 30
2021-03-02,11328.0,NIFTY100 LOW VOLATILITY 30
2021-03-03,11444.0,NIFTY100 LOW VOLATILITY 30
2021-03-04,11423.0,NIFTY100 LOW VOLATILITY 30
2021-03-05,11337.0,NIFTY100 LOW VOLATILITY 30
2021-03-08,11353.0,NIFTY100 LOW VOLATILITY 30
2021-03-09,11374.0,NIFTY100 LOW VOLATILITY 30
2021-03-10,11432.0,NIFTY100 LOW VOLATILITY 30
2021-03-12,11333.0,NIFTY100 LOW VOLATILITY 30
2021-03-15,11288.0,NIFTY100 LOW VOLATILITY 30
2021-03-16,11320.0,NIFTY100 LOW VOLATILITY 30
2021-03-17,11162.0,NIFTY100 LOW VOLATILITY 30
2021-03-18,11025.0,NIFTY100 LOW VOLATILITY 30
2021-03-19,11170.0,NIFTY100 LOW VOLATILITY 30
2021-03-22,11262.0,NIFTY100 LOW VOLATILITY 30
2021-03-23,11270.0,NIFTY100 LOW VOLATILITY 30
2021-03-24,11149.0,NIFTY100 LOW VOLATILITY 30
2021-03-25,10928.0,NIFTY100 LOW VOLATILITY 30
2021-03-26,11059.0,NIFTY100 LOW VOLATILITY 30
2021-03-30,11322.0,NIFTY100 LOW VOLATILITY 30
2021-03-31,11269.0,NIFTY100 LOW VOLATILITY 30
2021-04-01,11347.0,NIFTY100 LOW VOLATILITY 30
2021-04-05,11245.0,NIFTY100 LOW VOLATILITY 30
2021-04-06,11314.0,NIFTY100 LOW VOLATILITY 30
2021-04-07,11422.0,NIFTY100 LOW VOLATILITY 30
2021-04-08,11496.0,NIFTY100 LOW VOLATILITY 30
2021-04-09,11526.0,NIFTY100 LOW VOLATILITY 30
2021-04-12,11255.0,NIFTY100 LOW VOLATILITY 30
2021-04-13,11235.0,NIFTY100 LOW VOLATILITY 30
2021-04-15,11274.0,NIFTY100 LOW VOLATILITY 30
2021-04-16,11400.0,NIFTY100 LOW VOLATILITY 30
2021-04-19,11227.0,NIFTY100 LOW VOLATILITY 30
2021-04-20,11179.0,NIFTY100 LOW VOLATILITY 30
2021-04-22,11202.0,NIFTY100 LOW VOLATILITY 30
2021-04-23,11150.0,NIFTY100 LOW VOLATILITY 30
2021-04-26,11180.0,NIFTY100 LOW VOLATILITY 30
2021-04-27,11237.0,NIFTY100 LOW VOLATILITY 30
2021-04-28,11318.0,NIFTY100 LOW VOLATILITY 30
2021-04-29,11273.0,NIFTY100 LOW VOLATILITY 30
2021-04-30,11196.0,NIFTY100 LOW VOLATILITY 30
2021-05-03,11254.0,NIFTY100 LOW VOLATILITY 30
2021-05-04,11192.0,NIFTY100 LOW VOLATILITY 30
2021-05-05,11266.0,NIFTY100 LOW VOLATILITY 30
2021-05-06,11354.0,NIFTY100 LOW VOLATILITY 30
2021-05-07,11385.0,NIFTY100 LOW VOLATILITY 30
2021-05-10,11506.0,NIFTY100 LOW VOLATILITY 30
2021-05-11,11564.0,NIFTY100 LOW VOLATILITY 30
2021-05-12,11499.0,NIFTY100 LOW VOLATILITY 30
2021-05-14,11532.0,NIFTY100 LOW VOLATILITY 30
2021-05-17,11594.0,NIFTY100 LOW VOLATILITY 30
2021-05-18,11700.0,NIFTY100 LOW VOLATILITY 30
2021-05-19,11752.0,NIFTY100 LOW VOLATILITY 30
2021-05-20,11707.0,NIFTY100 LOW VOLATILITY 30
2021-05-21,11778.0,NIFTY100 LOW VOLATILITY 30
2021-05-24,11826.0,NIFTY100 LOW VOLATILITY 30
2021-05-25,11870.0,NIFTY100 LOW VOLATILITY 30
2021-05-26,11904.0,NIFTY100 LOW VOLATILITY 30
2021-05-27,11958.0,NIFTY100 LOW VOLATILITY 30
2021-05-28,11950.0,NIFTY100 LOW VOLATILITY 30
2021-05-31,12042.0,NIFTY100 LOW VOLATILITY 30
2021-06-01,12042.0,NIFTY100 LOW VOLATILITY 30
2021-06-02,12060.0,NIFTY100 LOW VOLATILITY 30
2021-06-03,12126.0,NIFTY100 LOW VOLATILITY 30
2021-06-04,12117.0,NIFTY100 LOW VOLATILITY 30
2021-06-07,12228.0,NIFTY100 LOW VOLATILITY 30
2021-06-08,12279.0,NIFTY100 LOW VOLATILITY 30
2021-06-09,12240.0,NIFTY100 LOW VOLATILITY 30
2021-06-10,12301.0,NIFTY100 LOW VOLATILITY 30
2021-06-11,12357.0,NIFTY100 LOW VOLATILITY 30
2021-06-14,12373.0,NIFTY100 LOW VOLATILITY 30
2021-06-15,12408.0,NIFTY100 LOW VOLATILITY 30
2021-06-16,12377.0,NIFTY100 LOW VOLATILITY 30
2021-06-17,12351.0,NIFTY100 LOW VOLATILITY 30
2021-06-18,12280.0,NIFTY100 LOW VOLATILITY 30
2021-06-21,12304.0,NIFTY100 LOW VOLATILITY 30
2021-06-22,12328.0,NIFTY100 LOW VOLATILITY 30
2021-06-23,12260.0,NIFTY100 LOW VOLATILITY 30
2021-06-24,12332.0,NIFTY100 LOW VOLATILITY 30
2021-06-25,12316.0,NIFTY100 LOW VOLATILITY 30
2021-06-28,12308.0,NIFTY100 LOW VOLATILITY 30
2021-06-29,12323.0,NIFTY100 LOW VOLATILITY 30
2021-06-30,12302.0,NIFTY100 LOW VOLATILITY 30
2021-07-01,12321.0,NIFTY100 LOW VOLATILITY 30
2021-07-02,12299.0,NIFTY100 LOW VOLATILITY 30
2021-07-05,12348.0,NIFTY100 LOW VOLATILITY 30
2021-07-06,12320.0,NIFTY100 LOW VOLATILITY 30
2021-07-07,12372.0,NIFTY100 LOW VOLATILITY 30
2021-07-08,12301.0,NIFTY100 LOW VOLATILITY 30
2021-07-09,12271.0,NIFTY100 LOW VOLATILITY 30
2021-07-12,12277.0,NIFTY100 LOW VOLATILITY 30
2021-07-13,12300.0,NIFTY100 LOW VOLATILITY 30
2021-07-14,12348.0,NIFTY100 LOW VOLATILITY 30
2021-07-22,12449.0,NIFTY100 LOW VOLATILITY 30
2021-07-23,12476.0,NIFTY100 LOW VOLATILITY 30
2021-07-27,12370.0,NIFTY100 LOW VOLATILITY 30
2021-07-28,12309.0,NIFTY100 LOW VOLATILITY 30
2021-08-03,12547.0,NIFTY100 LOW VOLATILITY 30
2021-08-04,12506.0,NIFTY100 LOW VOLATILITY 30
2021-08-05,12541.0,NIFTY100 LOW VOLATILITY 30
2021-08-06,12506.0,NIFTY100 LOW VOLATILITY 30
2021-08-09,12523.0,NIFTY100 LOW VOLATILITY 30
2021-08-10,12503.0,NIFTY100 LOW VOLATILITY 30
2021-08-11,12517.0,NIFTY100 LOW VOLATILITY 30
2021-08-12,12595.0,NIFTY100 LOW VOLATILITY 30
2021-08-13,12658.0,NIFTY100 LOW VOLATILITY 30
2021-08-16,12658.0,NIFTY100 LOW VOLATILITY 30
2021-08-17,12769.0,NIFTY100 LOW VOLATILITY 30
2021-08-18,12785.0,NIFTY100 LOW VOLATILITY 30
2021-08-20,12782.0,NIFTY100 LOW VOLATILITY 30
2021-08-23,12772.0,NIFTY100 LOW VOLATILITY 30
2021-08-24,12806.0,NIFTY100 LOW VOLATILITY 30
2021-08-25,12825.0,NIFTY100 LOW VOLATILITY 30
2021-08-26,12848.0,NIFTY100 LOW VOLATILITY 30
2021-08-27,12933.0,NIFTY100 LOW VOLATILITY 30
2021-08-30,13044.0,NIFTY100 LOW VOLATILITY 30
2021-08-31,13174.0,NIFTY100 LOW VOLATILITY 30
2021-09-01,13176.0,NIFTY100 LOW VOLATILITY 30
2021-09-02,13355.0,NIFTY100 LOW VOLATILITY 30
2021-09-03,13389.0,NIFTY100 LOW VOLATILITY 30
2021-09-06,13416.0,NIFTY100 LOW VOLATILITY 30
2021-09-07,13396.0,NIFTY100 LOW VOLATILITY 30
2021-09-08,13355.0,NIFTY100 LOW VOLATILITY 30
2021-09-09,13408.0,NIFTY100 LOW VOLATILITY 30
2021-09-13,13453.0,NIFTY100 LOW VOLATILITY 30
2021-09-14,13484.0,NIFTY100 LOW VOLATILITY 30
2021-09-15,13597.0,NIFTY100 LOW VOLATILITY 30
2021-09-16,13635.0,NIFTY100 LOW VOLATILITY 30
2021-09-17,13593.0,NIFTY100 LOW VOLATILITY 30
2021-09-20,13515.0,NIFTY100 LOW VOLATILITY 30
2021-09-21,13616.0,NIFTY100 LOW VOLATILITY 30
2021-09-22,13655.0,NIFTY100 LOW VOLATILITY 30
2021-09-23,13740.0,NIFTY100 LOW VOLATILITY 30
2021-09-24,13732.0,NIFTY100 LOW VOLATILITY 30
2021-09-27,13657.0,NIFTY100 LOW VOLATILITY 30
2021-09-28,13660.0,NIFTY100 LOW VOLATILITY 30
2021-09-29,13708.0,NIFTY100 LOW VOLATILITY 30
2021-09-30,13604.0,NIFTY100 LOW VOLATILITY 30
2021-10-01,13618.0,NIFTY100 LOW VOLATILITY 30
2021-10-04,13678.0,NIFTY100 LOW VOLATILITY 30
2021-10-05,13749.0,NIFTY100 LOW VOLATILITY 30
2021-10-06,13587.0,NIFTY100 LOW VOLATILITY 30
2021-10-07,13663.0,NIFTY100 LOW VOLATILITY 30
2021-10-08,13661.0,NIFTY100 LOW VOLATILITY 30
2021-10-11,13684.0,NIFTY100 LOW VOLATILITY 30
2021-10-12,13716.0,NIFTY100 LOW VOLATILITY 30
2021-10-13,13789.0,NIFTY100 LOW VOLATILITY 30
2021-10-14,13860.0,NIFTY100 LOW VOLATILITY 30
2021-10-18,13886.0,NIFTY100 LOW VOLATILITY 30
2021-10-19,13788.0,NIFTY100 LOW VOLATILITY 30
2021-10-20,13620.0,NIFTY100 LOW VOLATILITY 30
2021-10-21,13505.0,NIFTY100 LOW VOLATILITY 30
2021-10-22,13416.0,NIFTY100 LOW VOLATILITY 30
2021-10-25,13272.0,NIFTY100 LOW VOLATILITY 30
2021-10-26,13392.0,NIFTY100 LOW VOLATILITY 30
2021-10-27,13427.0,NIFTY100 LOW VOLATILITY 30
2021-10-28,13228.0,NIFTY100 LOW VOLATILITY 30
2021-10-29,13138.0,NIFTY100 LOW VOLATILITY 30
2021-11-01,13333.0,NIFTY100 LOW VOLATILITY 30
2021-11-02,13295.0,NIFTY100 LOW VOLATILITY 30
2021-11-03,13314.0,NIFTY100 LOW VOLATILITY 30
2021-11-04,13401.0,NIFTY100 LOW VOLATILITY 30
2021-11-08,13558.0,NIFTY100 LOW VOLATILITY 30
2021-11-09,13530.0,NIFTY100 LOW VOLATILITY 30
2021-11-10,13493.0,NIFTY100 LOW VOLATILITY 30
2021-11-11,13383.0,NIFTY100 LOW VOLATILITY 30
2021-11-12,13493.0,NIFTY100 LOW VOLATILITY 30
2021-11-15,13538.0,NIFTY100 LOW VOLATILITY 30
2021-11-16,13468.0,NIFTY100 LOW VOLATILITY 30
2021-11-17,13426.0,NIFTY100 LOW VOLATILITY 30
2021-11-18,13307.0,NIFTY100 LOW VOLATILITY 30
2021-11-22,13093.0,NIFTY100 LOW VOLATILITY 30
2021-11-23,13192.0,NIFTY100 LOW VOLATILITY 30
2021-11-24,13116.0,NIFTY100 LOW VOLATILITY 30
2021-11-25,13143.0,NIFTY100 LOW VOLATILITY 30
2021-11-26,12952.0,NIFTY100 LOW VOLATILITY 30
2021-11-29,12929.0,NIFTY100 LOW VOLATILITY 30
2021-11-30,12933.0,NIFTY100 LOW VOLATILITY 30
2021-12-01,12937.0,NIFTY100 LOW VOLATILITY 30
2021-12-02,13114.0,NIFTY100 LOW VOLATILITY 30
2021-12-03,12981.0,NIFTY100 LOW VOLATILITY 30
2021-12-06,12750.0,NIFTY100 LOW VOLATILITY 30
2021-12-07,12875.0,NIFTY100 LOW VOLATILITY 30
2021-12-08,13021.0,NIFTY100 LOW VOLATILITY 30
2021-12-09,13074.0,NIFTY100 LOW VOLATILITY 30
2021-12-10,13087.0,NIFTY100 LOW VOLATILITY 30
2021-12-13,13023.0,NIFTY100 LOW VOLATILITY 30
2021-12-14,13045.0,NIFTY100 LOW VOLATILITY 30
2021-12-15,12983.0,NIFTY100 LOW VOLATILITY 30
2021-12-16,12981.0,NIFTY100 LOW VOLATILITY 30
2021-12-17,12831.0,NIFTY100 LOW VOLATILITY 30
2021-12-20,12630.0,NIFTY100 LOW VOLATILITY 30
2021-12-21,12751.0,NIFTY100 LOW VOLATILITY 30
2021-12-22,12802.0,NIFTY100 LOW VOLATILITY 30
2021-12-23,12934.0,NIFTY100 LOW VOLATILITY 30
2021-12-24,12902.0,NIFTY100 LOW VOLATILITY 30
2021-12-27,12958.0,NIFTY100 LOW VOLATILITY 30
2021-12-28,13083.0,NIFTY100 LOW VOLATILITY 30
2021-12-29,13083.0,NIFTY100 LOW VOLATILITY 30
2021-12-30,13126.0,NIFTY100 LOW VOLATILITY 30
2021-07-26,12481.0,NIFTY100 LOW VOLATILITY 30
2021-07-29,12242.0,NIFTY100 LOW VOLATILITY 30
2021-07-30,12338.0,NIFTY100 LOW VOLATILITY 30
2021-08-02,12398.0,NIFTY100 LOW VOLATILITY 30
2021-01-01,10929.0,NIFTY100 LOW VOLATILITY 30
2021-01-04,11028.0,NIFTY100 LOW VOLATILITY 30
2021-01-05,11059.0,NIFTY100 LOW VOLATILITY 30
2021-01-06,11045.0,NIFTY100 LOW VOLATILITY 30
2021-01-07,11020.0,NIFTY100 LOW VOLATILITY 30
2021-07-15,12421.0,NIFTY100 LOW VOLATILITY 30
2021-07-16,12417.0,NIFTY100 LOW VOLATILITY 30
2021-07-19,12390.0,NIFTY100 LOW VOLATILITY 30
2021-07-20,12390.0,NIFTY100 LOW VOLATILITY 30
2022-01-03,13312.0,NIFTY100 LOW VOLATILITY 30
2022-01-04,13409.0,NIFTY100 LOW VOLATILITY 30
2022-01-05,13453.0,NIFTY100 LOW VOLATILITY 30
2022-01-07,13435.0,NIFTY100 LOW VOLATILITY 30
2022-01-10,13502.0,NIFTY100 LOW VOLATILITY 30
2022-01-11,13511.0,NIFTY100 LOW VOLATILITY 30
2022-01-12,13555.0,NIFTY100 LOW VOLATILITY 30
2022-01-13,13551.0,NIFTY100 LOW VOLATILITY 30
2022-01-14,13537.0,NIFTY100 LOW VOLATILITY 30
2022-01-17,13578.0,NIFTY100 LOW VOLATILITY 30
2022-01-19,13284.0,NIFTY100 LOW VOLATILITY 30
2022-01-21,13130.0,NIFTY100 LOW VOLATILITY 30
2022-01-25,12912.0,NIFTY100 LOW VOLATILITY 30
2022-01-24,12842.0,NIFTY100 LOW VOLATILITY 30
2022-01-27,12732.0,NIFTY100 LOW VOLATILITY 30
2022-01-28,12769.0,NIFTY100 LOW VOLATILITY 30
2022-02-01,13083.0,NIFTY100 LOW VOLATILITY 30
2022-02-02,13200.0,NIFTY100 LOW VOLATILITY 30
2022-02-04,13058.0,NIFTY100 LOW VOLATILITY 30
2022-02-07,12862.0,NIFTY100 LOW VOLATILITY 30
2022-02-08,12853.0,NIFTY100 LOW VOLATILITY 30
2022-02-09,12981.0,NIFTY100 LOW VOLATILITY 30
2022-02-10,13038.0,NIFTY100 LOW VOLATILITY 30
2022-02-11,12876.0,NIFTY100 LOW VOLATILITY 30
2022-02-14,12541.0,NIFTY100 LOW VOLATILITY 30
2022-02-15,12858.0,NIFTY100 LOW VOLATILITY 30
2022-02-16,12852.0,NIFTY100 LOW VOLATILITY 30
2022-02-17,12846.0,NIFTY100 LOW VOLATILITY 30
2022-02-18,12817.0,NIFTY100 LOW VOLATILITY 30
2022-02-21,12758.0,NIFTY100 LOW VOLATILITY 30
2022-02-22,12673.0,NIFTY100 LOW VOLATILITY 30
2022-02-23,12648.0,NIFTY100 LOW VOLATILITY 30
2022-02-24,12124.0,NIFTY100 LOW VOLATILITY 30
2022-02-25,12353.0,NIFTY100 LOW VOLATILITY 30
2022-02-28,12465.0,NIFTY100 LOW VOLATILITY 30
2022-03-02,12361.0,NIFTY100 LOW VOLATILITY 30
2022-03-03,12236.0,NIFTY100 LOW VOLATILITY 30
2022-03-04,12104.0,NIFTY100 LOW VOLATILITY 30
2022-03-07,11813.0,NIFTY100 LOW VOLATILITY 30
2022-03-09,12147.0,NIFTY100 LOW VOLATILITY 30
2022-03-10,12365.0,NIFTY100 LOW VOLATILITY 30
2022-03-11,12415.0,NIFTY100 LOW VOLATILITY 30
2022-03-14,12478.0,NIFTY100 LOW VOLATILITY 30
2022-03-15,12424.0,NIFTY100 LOW VOLATILITY 30
2022-03-16,12662.0,NIFTY100 LOW VOLATILITY 30
2022-03-17,12807.0,NIFTY100 LOW VOLATILITY 30
2022-03-21,12588.0,NIFTY100 LOW VOLATILITY 30
2022-03-22,12618.0,NIFTY100 LOW VOLATILITY 30
2022-03-23,12562.0,NIFTY100 LOW VOLATILITY 30
2022-03-24,12595.0,NIFTY100 LOW VOLATILITY 30
2022-03-25,12541.0,NIFTY100 LOW VOLATILITY 30
2022-03-29,12556.0,NIFTY100 LOW VOLATILITY 30
2022-03-28,12515.0,NIFTY100 LOW VOLATILITY 30
2022-03-30,12687.0,NIFTY100 LOW VOLATILITY 30
2022-03-31,12713.0,NIFTY100 LOW VOLATILITY 30
2022-04-01,12856.0,NIFTY100 LOW VOLATILITY 30
2022-04-04,13041.0,NIFTY100 LOW VOLATILITY 30
2022-04-05,13092.0,NIFTY100 LOW VOLATILITY 30
2022-04-06,13036.0,NIFTY100 LOW VOLATILITY 30
2022-04-07,12981.0,NIFTY100 LOW VOLATILITY 30
2022-04-08,13102.0,NIFTY100 LOW VOLATILITY 30
2022-04-11,13031.0,NIFTY100 LOW VOLATILITY 30
2022-04-12,12918.0,NIFTY100 LOW VOLATILITY 30
2022-04-13,12897.0,NIFTY100 LOW VOLATILITY 30
2022-04-18,12829.0,NIFTY100 LOW VOLATILITY 30
2022-04-19,12548.0,NIFTY100 LOW VOLATILITY 30
2022-04-20,12741.0,NIFTY100 LOW VOLATILITY 30
2022-04-21,12896.0,NIFTY100 LOW VOLATILITY 30
2022-04-22,12792.0,NIFTY100 LOW VOLATILITY 30
2022-04-25,12612.0,NIFTY100 LOW VOLATILITY 30
2022-04-26,12820.0,NIFTY100 LOW VOLATILITY 30
2022-04-27,12774.0,NIFTY100 LOW VOLATILITY 30
2022-04-28,12977.0,NIFTY100 LOW VOLATILITY 30
2022-04-29,12836.0,NIFTY100 LOW VOLATILITY 30
2022-05-02,12795.0,NIFTY100 LOW VOLATILITY 30
2022-05-04,12579.0,NIFTY100 LOW VOLATILITY 30
2022-05-06,12409.0,NIFTY100 LOW VOLATILITY 30
2022-05-10,12341.0,NIFTY100 LOW VOLATILITY 30
2022-05-11,12270.0,NIFTY100 LOW VOLATILITY 30
2022-05-12,12101.0,NIFTY100 LOW VOLATILITY 30
2022-05-13,12151.0,NIFTY100 LOW VOLATILITY 30
2022-05-17,12344.0,NIFTY100 LOW VOLATILITY 30
2022-05-18,12363.0,NIFTY100 LOW VOLATILITY 30
2022-05-20,12395.0,NIFTY100 LOW VOLATILITY 30
2022-05-23,12437.0,NIFTY100 LOW VOLATILITY 30
2022-05-24,12358.0,NIFTY100 LOW VOLATILITY 30
2022-05-25,12252.0,NIFTY100 LOW VOLATILITY 30
2022-05-26,12344.0,NIFTY100 LOW VOLATILITY 30
2022-05-27,12455.0,NIFTY100 LOW VOLATILITY 30
2022-05-31,12696.0,NIFTY100 LOW VOLATILITY 30
2022-06-01,12570.0,NIFTY100 LOW VOLATILITY 30
2022-06-02,12608.0,NIFTY100 LOW VOLATILITY 30
2022-06-03,12502.0,NIFTY100 LOW VOLATILITY 30
2022-06-06,12454.0,NIFTY100 LOW VOLATILITY 30
2022-06-07,12313.0,NIFTY100 LOW VOLATILITY 30
2022-06-08,12259.0,NIFTY100 LOW VOLATILITY 30
2022-06-09,12338.0,NIFTY100 LOW VOLATILITY 30
2022-06-10,12256.0,NIFTY100 LOW VOLATILITY 30
2022-06-13,12068.0,NIFTY100 LOW VOLATILITY 30
2022-06-14,12021.0,NIFTY100 LOW VOLATILITY 30
2022-06-15,12003.0,NIFTY100 LOW VOLATILITY 30
2022-06-16,11816.0,NIFTY100 LOW VOLATILITY 30
2022-06-17,11602.0,NIFTY100 LOW VOLATILITY 30
2022-06-20,11722.0,NIFTY100 LOW VOLATILITY 30
2022-06-21,11890.0,NIFTY100 LOW VOLATILITY 30
2022-06-22,11771.0,NIFTY100 LOW VOLATILITY 30
2022-06-23,11917.0,NIFTY100 LOW VOLATILITY 30
2022-06-24,12007.0,NIFTY100 LOW VOLATILITY 30
2022-06-27,12096.0,NIFTY100 LOW VOLATILITY 30
2022-06-28,12098.0,NIFTY100 LOW VOLATILITY 30
2022-06-29,12014.0,NIFTY100 LOW VOLATILITY 30
2022-06-30,11986.0,NIFTY100 LOW VOLATILITY 30
2022-07-01,12126.0,NIFTY100 LOW VOLATILITY 30
2022-07-04,12217.0,NIFTY100 LOW VOLATILITY 30
2022-07-05,12175.0,NIFTY100 LOW VOLATILITY 30
2022-07-06,12335.0,NIFTY100 LOW VOLATILITY 30
2022-07-07,12378.0,NIFTY100 LOW VOLATILITY 30
2022-07-08,12447.0,NIFTY100 LOW VOLATILITY 30
2022-07-11,12429.0,NIFTY100 LOW VOLATILITY 30
2022-07-12,12297.0,NIFTY100 LOW VOLATILITY 30
2022-07-13,12325.0,NIFTY100 LOW VOLATILITY 30
2022-07-14,12308.0,NIFTY100 LOW VOLATILITY 30
2022-07-18,12475.0,NIFTY100 LOW VOLATILITY 30
2022-07-19,12470.0,NIFTY100 LOW VOLATILITY 30
2022-07-20,12590.0,NIFTY100 LOW VOLATILITY 30
2022-07-21,12664.0,NIFTY100 LOW VOLATILITY 30
2022-07-22,12711.0,NIFTY100 LOW VOLATILITY 30
2022-07-25,12636.0,NIFTY100 LOW VOLATILITY 30
2022-07-26,12474.0,NIFTY100 LOW VOLATILITY 30
2022-07-27,12600.0,NIFTY100 LOW VOLATILITY 30
2022-07-28,12750.0,NIFTY100 LOW VOLATILITY 30
2022-08-02,13016.0,NIFTY100 LOW VOLATILITY 30
2022-08-03,13031.0,NIFTY100 LOW VOLATILITY 30
2022-08-04,13079.0,NIFTY100 LOW VOLATILITY 30
2022-08-05,13128.0,NIFTY100 LOW VOLATILITY 30
2022-08-08,13146.0,NIFTY100 LOW VOLATILITY 30
2022-08-10,13109.0,NIFTY100 LOW VOLATILITY 30
2022-08-12,13127.0,NIFTY100 LOW VOLATILITY 30
2022-08-16,13257.0,NIFTY100 LOW VOLATILITY 30
2022-08-17,13362.0,NIFTY100 LOW VOLATILITY 30
2022-08-19,13296.0,NIFTY100 LOW VOLATILITY 30
2022-08-18,13388.0,NIFTY100 LOW VOLATILITY 30
2022-08-22,13125.0,NIFTY100 LOW VOLATILITY 30
2022-08-23,13132.0,NIFTY100 LOW VOLATILITY 30
2022-08-24,13149.0,NIFTY100 LOW VOLATILITY 30
2022-08-25,13087.0,NIFTY100 LOW VOLATILITY 30
2022-08-26,13129.0,NIFTY100 LOW VOLATILITY 30
2022-08-29,13044.0,NIFTY100 LOW VOLATILITY 30
2022-08-30,13293.0,NIFTY100 LOW VOLATILITY 30
2022-09-01,13188.0,NIFTY100 LOW VOLATILITY 30
2022-09-02,13169.0,NIFTY100 LOW VOLATILITY 30
2022-09-06,13162.0,NIFTY100 LOW VOLATILITY 30
2022-09-07,13211.0,NIFTY100 LOW VOLATILITY 30
2022-09-08,13298.0,NIFTY100 LOW VOLATILITY 30
2022-09-09,13279.0,NIFTY100 LOW VOLATILITY 30
2022-09-12,13353.0,NIFTY100 LOW VOLATILITY 30
2022-09-13,13426.0,NIFTY100 LOW VOLATILITY 30
2022-09-14,13389.0,NIFTY100 LOW VOLATILITY 30
2022-09-15,13292.0,NIFTY100 LOW VOLATILITY 30
2022-09-16,12962.0,NIFTY100 LOW VOLATILITY 30
2022-09-20,13158.0,NIFTY100 LOW VOLATILITY 30
2022-09-21,13061.0,NIFTY100 LOW VOLATILITY 30
2022-09-22,13065.0,NIFTY100 LOW VOLATILITY 30
2022-09-26,12760.0,NIFTY100 LOW VOLATILITY 30
2022-09-27,12809.0,NIFTY100 LOW VOLATILITY 30
2022-09-28,12800.0,NIFTY100 LOW VOLATILITY 30
2022-09-29,12772.0,NIFTY100 LOW VOLATILITY 30
2022-09-30,12859.0,NIFTY100 LOW VOLATILITY 30
2022-10-04,12930.0,NIFTY100 LOW VOLATILITY 30
2022-10-03,12722.0,NIFTY100 LOW VOLATILITY 30
2022-10-06,12926.0,NIFTY100 LOW VOLATILITY 30
2022-10-07,12910.0,NIFTY100 LOW VOLATILITY 30
2022-10-10,12862.0,NIFTY100 LOW VOLATILITY 30
2022-10-11,12638.0,NIFTY100 LOW VOLATILITY 30
2022-10-12,12780.0,NIFTY100 LOW VOLATILITY 30
2022-10-14,12750.0,NIFTY100 LOW VOLATILITY 30
2022-10-17,12808.0,NIFTY100 LOW VOLATILITY 30
2022-10-18,12905.0,NIFTY100 LOW VOLATILITY 30
2022-07-29,12925.0,NIFTY100 LOW VOLATILITY 30
2022-08-11,13130.0,NIFTY100 LOW VOLATILITY 30
2022-09-19,13007.0,NIFTY100 LOW VOLATILITY 30
2022-09-23,12907.0,NIFTY100 LOW VOLATILITY 30
2022-07-15,12371.0,NIFTY100 LOW VOLATILITY 30
2022-01-06,13334.0,NIFTY100 LOW VOLATILITY 30
2022-01-31,12939.0,NIFTY100 LOW VOLATILITY 30
2022-02-03,13093.0,NIFTY100 LOW VOLATILITY 30
2022-03-08,11994.0,NIFTY100 LOW VOLATILITY 30
2022-08-01,12996.0,NIFTY100 LOW VOLATILITY 30
2022-10-13,12694.0,NIFTY100 LOW VOLATILITY 30
2022-01-18,13406.0,NIFTY100 LOW VOLATILITY 30
2022-01-20,13187.0,NIFTY100 LOW VOLATILITY 30
2022-09-05,13174.0,NIFTY100 LOW VOLATILITY 30
2022-05-30,12659.0,NIFTY100 LOW VOLATILITY 30
2022-05-19,12097.0,NIFTY100 LOW VOLATILITY 30
2022-05-16,12136.0,NIFTY100 LOW VOLATILITY 30
2022-05-05,12552.0,NIFTY100 LOW VOLATILITY 30
2022-05-09,12331.0,NIFTY100 LOW VOLATILITY 30
2022-10-19,12909.0,NIFTY100 LOW VOLATILITY 30
2022-10-20,13012.0,NIFTY100 LOW VOLATILITY 30
2022-10-21,12978.0,NIFTY100 LOW VOLATILITY 30
2022-10-24,13060.0,NIFTY100 LOW VOLATILITY 30
2022-10-25,13007.0,NIFTY100 LOW VOLATILITY 30
2022-10-27,13051.0,NIFTY100 LOW VOLATILITY 30
2022-10-28,13091.0,NIFTY100 LOW VOLATILITY 30
2022-10-31,13230.0,NIFTY100 LOW VOLATILITY 30
2022-11-01,13391.0,NIFTY100 LOW VOLATILITY 30
2022-11-02,13343.0,NIFTY100 LOW VOLATILITY 30
2022-11-03,13320.0,NIFTY100 LOW VOLATILITY 30
2022-11-04,13305.0,NIFTY100 LOW VOLATILITY 30
2022-11-07,13341.0,NIFTY100 LOW VOLATILITY 30
2022-11-09,13276.0,NIFTY100 LOW VOLATILITY 30
2022-11-10,13214.0,NIFTY100 LOW VOLATILITY 30
2022-11-11,13344.0,NIFTY100 LOW VOLATILITY 30
2022-11-15,13377.0,NIFTY100 LOW VOLATILITY 30
2022-11-16,13386.0,NIFTY100 LOW VOLATILITY 30
2022-11-17,13340.0,NIFTY100 LOW VOLATILITY 30
2022-11-18,13308.0,NIFTY100 LOW VOLATILITY 30
2022-11-21,13229.0,NIFTY100 LOW VOLATILITY 30
2022-11-22,13280.0,NIFTY100 LOW VOLATILITY 30
2022-11-23,13286.0,NIFTY100 LOW VOLATILITY 30
2022-11-24,13434.0,NIFTY100 LOW VOLATILITY 30
2022-11-25,13470.0,NIFTY100 LOW VOLATILITY 30
2022-11-28,13542.0,NIFTY100 LOW VOLATILITY 30
2022-11-29,13634.0,NIFTY100 LOW VOLATILITY 30
2022-11-30,13771.0,NIFTY100 LOW VOLATILITY 30
2022-12-01,13808.0,NIFTY100 LOW VOLATILITY 30
2022-12-02,13759.0,NIFTY100 LOW VOLATILITY 30
2022-12-05,13744.0,NIFTY100 LOW VOLATILITY 30
2022-12-06,13723.0,NIFTY100 LOW VOLATILITY 30
2022-12-07,13696.0,NIFTY100 LOW VOLATILITY 30
2022-12-08,13688.0,NIFTY100 LOW VOLATILITY 30
2022-12-09,13623.0,NIFTY100 LOW VOLATILITY 30
2022-12-12,13641.0,NIFTY100 LOW VOLATILITY 30
2022-12-13,13674.0,NIFTY100 LOW VOLATILITY 30
2022-12-14,13673.0,NIFTY100 LOW VOLATILITY 30
2022-12-15,13549.0,NIFTY100 LOW VOLATILITY 30
2022-12-16,13409.0,NIFTY100 LOW VOLATILITY 30
2022-12-19,13548.0,NIFTY100 LOW VOLATILITY 30
2022-12-20,13484.0,NIFTY100 LOW VOLATILITY 30
2022-12-21,13426.0,NIFTY100 LOW VOLATILITY 30
2022-12-22,13383.0,NIFTY100 LOW VOLATILITY 30
2022-12-23,13152.0,NIFTY100 LOW VOLATILITY 30
2022-12-26,13238.0,NIFTY100 LOW VOLATILITY 30
2022-12-27,13299.0,NIFTY100 LOW VOLATILITY 30
2022-12-28,13300.0,NIFTY100 LOW VOLATILITY 30
2022-12-29,13294.0,NIFTY100 LOW VOLATILITY 30
2022-12-30,13236.0,NIFTY100 LOW VOLATILITY 30
2021-12-31,13230.0,NIFTY100 LOW VOLATILITY 30
2023-01-02,13237.0,NIFTY100 LOW VOLATILITY 30
2023-01-03,13289.0,NIFTY100 LOW VOLATILITY 30
2023-01-04,13189.0,NIFTY100 LOW VOLATILITY 30
2023-01-05,13292.0,NIFTY100 LOW VOLATILITY 30
2023-01-06,13218.0,NIFTY100 LOW VOLATILITY 30
2023-01-09,13374.0,NIFTY100 LOW VOLATILITY 30
2023-01-10,13270.0,NIFTY100 LOW VOLATILITY 30
2023-01-11,13216.0,NIFTY100 LOW VOLATILITY 30
2023-01-12,13236.0,NIFTY100 LOW VOLATILITY 30
2023-01-13,13284.0,NIFTY100 LOW VOLATILITY 30
2023-01-16,13296.0,NIFTY100 LOW VOLATILITY 30
2023-01-17,13419.0,NIFTY100 LOW VOLATILITY 30
2023-01-18,13479.0,NIFTY100 LOW VOLATILITY 30
2023-01-19,13427.0,NIFTY100 LOW VOLATILITY 30
2023-01-20,13332.0,NIFTY100 LOW VOLATILITY 30
2023-01-23,13377.0,NIFTY100 LOW VOLATILITY 30
2023-01-24,13358.0,NIFTY100 LOW VOLATILITY 30
2023-01-25,13220.0,NIFTY100 LOW VOLATILITY 30
2023-01-27,13142.0,NIFTY100 LOW VOLATILITY 30
2023-01-30,13149.0,NIFTY100 LOW VOLATILITY 30
2023-01-31,13128.0,NIFTY100 LOW VOLATILITY 30
2023-02-01,13091.0,NIFTY100 LOW VOLATILITY 30
2023-02-02,13097.0,NIFTY100 LOW VOLATILITY 30
2023-02-03,13187.0,NIFTY100 LOW VOLATILITY 30
2023-02-06,13188.0,NIFTY100 LOW VOLATILITY 30
2023-02-07,13150.0,NIFTY100 LOW VOLATILITY 30
2023-02-08,13227.0,NIFTY100 LOW VOLATILITY 30
2023-02-09,13239.0,NIFTY100 LOW VOLATILITY 30
2023-02-10,13224.0,NIFTY100 LOW VOLATILITY 30
2023-02-13,13176.0,NIFTY100 LOW VOLATILITY 30
2023-02-14,13205.0,NIFTY100 LOW VOLATILITY 30
2023-02-15,13274.0,NIFTY100 LOW VOLATILITY 30
2023-02-16,13314.0,NIFTY100 LOW VOLATILITY 30
2023-02-17,13269.0,NIFTY100 LOW VOLATILITY 30
2023-02-20,13229.0,NIFTY100 LOW VOLATILITY 30
2023-02-21,13216.0,NIFTY100 LOW VOLATILITY 30
2023-02-22,13074.0,NIFTY100 LOW VOLATILITY 30
2023-02-23,13023.0,NIFTY100 LOW VOLATILITY 30
2023-02-24,13014.0,NIFTY100 LOW VOLATILITY 30
2023-02-27,12915.0,NIFTY100 LOW VOLATILITY 30
2023-02-28,12899.0,NIFTY100 LOW VOLATILITY 30
2023-03-01,12969.0,NIFTY100 LOW VOLATILITY 30
2023-03-02,12929.0,NIFTY100 LOW VOLATILITY 30
2023-03-03,13029.0,NIFTY100 LOW VOLATILITY 30
2023-03-06,13097.0,NIFTY100 LOW VOLATILITY 30
2023-03-08,13120.0,NIFTY100 LOW VOLATILITY 30
2023-03-09,13020.0,NIFTY100 LOW VOLATILITY 30
2023-03-10,12996.0,NIFTY100 LOW VOLATILITY 30
2023-03-13,12865.0,NIFTY100 LOW VOLATILITY 30
2023-03-14,12781.0,NIFTY100 LOW VOLATILITY 30
2023-03-15,12779.0,NIFTY100 LOW VOLATILITY 30
2023-03-16,12860.0,NIFTY100 LOW VOLATILITY 30
2023-03-17,12902.0,NIFTY100 LOW VOLATILITY 30
2023-03-20,12859.0,NIFTY100 LOW VOLATILITY 30
2023-03-21,12869.0,NIFTY100 LOW VOLATILITY 30
2023-03-22,12909.0,NIFTY100 LOW VOLATILITY 30
2023-03-23,12859.0,NIFTY100 LOW VOLATILITY 30
2023-03-24,12792.0,NIFTY100 LOW VOLATILITY 30
2023-03-27,12799.0,NIFTY100 LOW VOLATILITY 30
2023-03-28,12734.0,NIFTY100 LOW VOLATILITY 30
2023-03-29,12830.0,NIFTY100 LOW VOLATILITY 30
2023-03-31,12997.0,NIFTY100 LOW VOLATILITY 30
2023-04-03,13030.0,NIFTY100 LOW VOLATILITY 30
2023-04-05,13138.0,NIFTY100 LOW VOLATILITY 30
2023-04-06,13127.0,NIFTY100 LOW VOLATILITY 30
2023-04-10,13166.0,NIFTY100 LOW VOLATILITY 30
2023-04-11,13192.0,NIFTY100 LOW VOLATILITY 30
2023-04-12,13241.0,NIFTY100 LOW VOLATILITY 30
2023-04-13,13205.0,NIFTY100 LOW VOLATILITY 30
2023-04-17,13169.0,NIFTY100 LOW VOLATILITY 30
2023-04-18,13179.0,NIFTY100 LOW VOLATILITY 30
2023-04-19,13087.0,NIFTY100 LOW VOLATILITY 30
2023-04-20,13099.0,NIFTY100 LOW VOLATILITY 30
2023-04-21,13134.0,NIFTY100 LOW VOLATILITY 30
2023-04-24,13203.0,NIFTY100 LOW VOLATILITY 30
2023-04-25,13213.0,NIFTY100 LOW VOLATILITY 30
2023-04-26,13272.0,NIFTY100 LOW VOLATILITY 30
2023-04-27,13329.0,NIFTY100 LOW VOLATILITY 30
2023-04-28,13477.0,NIFTY100 LOW VOLATILITY 30
2023-05-02,13522.0,NIFTY100 LOW VOLATILITY 30
2023-05-03,13517.0,NIFTY100 LOW VOLATILITY 30
2023-05-04,13586.0,NIFTY100 LOW VOLATILITY 30
2023-05-05,13534.0,NIFTY100 LOW VOLATILITY 30
2023-05-08,13650.0,NIFTY100 LOW VOLATILITY 30
2023-05-09,13676.0,NIFTY100 LOW VOLATILITY 30
2023-05-10,13715.0,NIFTY100 LOW VOLATILITY 30
2023-05-11,13724.0,NIFTY100 LOW VOLATILITY 30
2023-05-12,13670.0,NIFTY100 LOW VOLATILITY 30
2023-05-16,13691.0,NIFTY100 LOW VOLATILITY 30
2023-05-17,13629.0,NIFTY100 LOW VOLATILITY 30
2023-05-18,13568.0,NIFTY100 LOW VOLATILITY 30
2023-05-19,13565.0,NIFTY100 LOW VOLATILITY 30
2023-05-22,13659.0,NIFTY100 LOW VOLATILITY 30
2023-05-23,13656.0,NIFTY100 LOW VOLATILITY 30
2023-05-24,13699.0,NIFTY100 LOW VOLATILITY 30
2023-05-25,13737.0,NIFTY100 LOW VOLATILITY 30
2023-05-26,13888.0,NIFTY100 LOW VOLATILITY 30
2023-05-29,13925.0,NIFTY100 LOW VOLATILITY 30
2023-05-30,13948.0,NIFTY100 LOW VOLATILITY 30
2023-05-31,13965.0,NIFTY100 LOW VOLATILITY 30
2023-06-01,13998.0,NIFTY100 LOW VOLATILITY 30
2023-06-02,14026.0,NIFTY100 LOW VOLATILITY 30
2023-05-15,13747.0,NIFTY100 LOW VOLATILITY 30
2023-06-05,14017.0,NIFTY100 LOW VOLATILITY 30
2023-06-06,14028.0,NIFTY100 LOW VOLATILITY 30
2023-06-07,14175.0,NIFTY100 LOW VOLATILITY 30
2023-06-08,14109.0,NIFTY100 LOW VOLATILITY 30
2023-06-09,14028.0,NIFTY100 LOW VOLATILITY 30
2023-06-12,14100.0,NIFTY100 LOW VOLATILITY 30
2023-06-13,14197.0,NIFTY100 LOW VOLATILITY 30
2023-06-14,14236.0,NIFTY100 LOW VOLATILITY 30
2023-06-15,14235.0,NIFTY100 LOW VOLATILITY 30
2023-06-16,14312.0,NIFTY100 LOW VOLATILITY 30
2023-06-19,14258.0,NIFTY100 LOW VOLATILITY 30
2023-06-20,14343.0,NIFTY100 LOW VOLATILITY 30
2023-06-21,14375.0,NIFTY100 LOW VOLATILITY 30
2023-06-22,14261.0,NIFTY100 LOW VOLATILITY 30
2023-06-23,14214.0,NIFTY100 LOW VOLATILITY 30
2023-06-26,14260.0,NIFTY100 LOW VOLATILITY 30
2023-06-27,14322.0,NIFTY100 LOW VOLATILITY 30
2023-06-28,14389.0,NIFTY100 LOW VOLATILITY 30
2023-06-30,14531.0,NIFTY100 LOW VOLATILITY 30
2023-07-03,14548.0,NIFTY100 LOW VOLATILITY 30
2023-07-04,14605.0,NIFTY100 LOW VOLATILITY 30
